model,subject bal. acc. % (sd) [95% CI],subject acc. %,subject macro-F1 %,subject macro AUC,recall AD/CN/FTD %,epoch bal. acc. %,epoch acc. %,runtime (min)
ensemble_vote,"61.1 ± 3.0 [53.6, 68.0]","64.0 ± 2.8 [56.2, 70.8]",59.6 ± 3.5,"0.786 ± 0.018 [0.715, 0.848]",69/86/28,59.5 ± 1.9,63.1 ± 1.6,112.3
all_lr+age_sex,"61.1 ± 3.5 [54.0, 67.7]","63.1 ± 3.5 [55.8, 69.8]",59.9 ± 4.0,"0.786 ± 0.021 [0.719, 0.844]",63/86/34,58.9 ± 1.2,61.3 ± 1.1,21.9
all_lgbm,"60.9 ± 2.3 [53.2, 67.9]","64.2 ± 1.9 [56.4, 71.2]",59.1 ± 3.1,"0.776 ± 0.008 [0.704, 0.843]",72/86/26,58.4 ± 1.4,62.4 ± 0.8,43.5
all_linsvm,"60.6 ± 2.4 [53.7, 67.1]","62.3 ± 2.5 [55.1, 69.0]",59.0 ± 2.6,"0.755 ± 0.028 [0.691, 0.816]",58/90/33,57.3 ± 1.4,59.5 ± 1.1,43.4
all_rf,"60.5 ± 1.9 [52.2, 68.6]","63.2 ± 1.8 [54.7, 71.0]",58.7 ± 2.3,"0.759 ± 0.013 [0.680, 0.830]",66/88/28,58.3 ± 1.5,61.5 ± 1.1,8.5
spectral_lr,"60.5 ± 3.3 [52.8, 67.3]","62.4 ± 3.3 [54.5, 69.4]",59.6 ± 3.3,"0.757 ± 0.021 [0.689, 0.820]",64/81/37,57.3 ± 1.5,59.6 ± 1.6,6.6
all_rbfsvm,"60.4 ± 1.3 [53.0, 67.7]","63.2 ± 1.4 [55.6, 70.3]",58.8 ± 1.1,"0.757 ± 0.017 [0.687, 0.823]",68/86/28,58.3 ± 1.3,61.6 ± 1.1,46.5
all_lr,"60.4 ± 3.3 [53.3, 67.2]","62.3 ± 3.2 [55.1, 69.1]",59.2 ± 3.5,"0.755 ± 0.026 [0.691, 0.815]",62/84/34,57.4 ± 2.0,60.1 ± 1.5,15.7
spectral_rbfsvm,"59.7 ± 1.8 [52.1, 67.2]","62.5 ± 1.4 [54.8, 70.0]",57.8 ± 2.6,"0.722 ± 0.012 [0.653, 0.785]",66/86/27,56.7 ± 1.2,59.8 ± 1.1,6.2
spectral_lr+age_sex,"59.7 ± 2.7 [51.5, 67.3]","61.5 ± 2.7 [53.4, 69.1]",58.9 ± 2.8,"0.767 ± 0.024 [0.697, 0.831]",62/81/36,58.8 ± 1.9,60.8 ± 2.1,8.1
all_enet,"58.8 ± 2.0 [51.2, 65.9]","60.9 ± 1.8 [53.3, 68.1]",57.7 ± 2.1,"0.753 ± 0.024 [0.686, 0.813]",62/82/32,56.6 ± 1.5,59.3 ± 1.2,42.3
connectivity_lr,"58.8 ± 3.9 [51.3, 66.0]","60.6 ± 3.4 [53.1, 68.0]",58.2 ± 4.0,"0.736 ± 0.035 [0.668, 0.803]",62/78/36,53.4 ± 2.6,55.6 ± 2.2,11.7
rbp_lr,"58.5 ± 2.4 [51.0, 65.8]","60.8 ± 2.0 [53.2, 68.1]",57.4 ± 2.8,"0.756 ± 0.014 [0.694, 0.820]",64/79/32,54.0 ± 1.6,56.5 ± 1.6,2.1
nested_select,"58.3 ± 3.6 [51.7, 65.0]","60.7 ± 3.8 [54.0, 67.3]",57.2 ± 3.8,"0.742 ± 0.030 [0.679, 0.799]",64/80/31,55.2 ± 2.5,57.7 ± 2.7,119.4
spectral_region_lr,"58.2 ± 2.2 [49.9, 66.5]","59.5 ± 2.3 [51.0, 67.7]",57.7 ± 2.6,"0.727 ± 0.027 [0.655, 0.792]",59/77/39,55.6 ± 1.6,57.5 ± 1.6,2.9
riemann_ts_lr,"57.2 ± 4.5 [48.5, 65.2]","58.3 ± 4.5 [49.8, 66.1]",57.2 ± 4.4,"0.733 ± 0.041 [0.655, 0.800]",60/66/45,54.6 ± 3.5,56.1 ± 3.5,79.6
complexity_lr,"56.1 ± 3.4 [48.5, 64.1]","57.7 ± 3.1 [50.1, 65.6]",55.9 ± 3.5,"0.734 ± 0.027 [0.664, 0.804]",62/67/39,52.9 ± 1.6,54.6 ± 1.8,3.0
riemann_mdm,"52.8 ± 2.7 [43.8, 61.4]","53.1 ± 3.0 [44.5, 61.4]",51.6 ± 2.8,"0.679 ± 0.020 [0.600, 0.755]",45/74/39,49.6 ± 1.4,50.3 ± 1.6,5.1
age_sex_lr,"42.6 ± 3.2 [33.5, 51.6]","44.3 ± 3.5 [35.5, 53.1]",42.4 ± 3.2,"0.583 ± 0.020 [0.498, 0.661]",58/33/36,42.4 ± 3.2,44.3 ± 3.6,1.1
age_lr,"36.9 ± 1.3 [27.5, 45.2]","33.0 ± 1.3 [24.8, 40.2]",29.2 ± 1.6,"0.516 ± 0.016 [0.436, 0.589]",3/52/56,37.9 ± 1.3,33.3 ± 1.4,1.2
chance_prior,"33.3 ± 0.0 [33.3, 33.3]","40.9 ± 0.0 [40.9, 40.9]",19.4 ± 0.0,"0.481 ± 0.005 [0.450, 0.511]",100/0/0,33.3 ± 0.0,41.8 ± 0.0,1.2
