subject,diagnosis,n_epochs,n_candidates,n_boundary_rejected,n_amplitude_rejected,duration_s
sub-001,AD,106,106,0,0,539.8
sub-002,AD,141,145,0,4,733.1
sub-003,AD,47,48,1,0,246.1
sub-004,AD,125,128,3,0,646.1
sub-005,AD,145,147,0,2,744.1
sub-006,AD,106,113,7,0,572.4
sub-007,AD,136,140,4,0,706.42
sub-008,AD,138,145,7,0,733.4
sub-009,AD,106,109,3,0,552.6
sub-010,AD,227,243,16,0,1221.72
sub-011,AD,132,140,2,6,709.92
sub-012,AD,150,163,11,2,823.52
sub-013,AD,149,154,3,2,778.1
sub-014,AD,159,173,11,3,874.44
sub-015,AD,153,167,14,0,841.38
sub-016,AD,156,181,15,10,912.36
sub-017,AD,149,155,4,2,783.4
sub-018,AD,152,156,4,0,785.1
sub-019,AD,167,170,3,0,858.62
sub-020,AD,160,160,0,0,809.3
sub-021,AD,163,171,4,4,860.28
sub-022,AD,141,151,3,7,761.92
sub-023,AD,121,153,32,0,774.74
sub-024,AD,126,138,12,0,699.8
sub-025,AD,104,123,17,2,624.36
sub-026,AD,138,166,28,0,838.64
sub-027,AD,144,152,6,2,766.2
sub-028,AD,139,150,11,0,758.14
sub-029,AD,124,134,4,6,676.68
sub-030,AD,86,97,5,6,494.08
sub-031,AD,195,217,8,14,1090.76
sub-032,AD,93,146,50,3,737.78
sub-033,AD,128,128,0,0,645.42
sub-034,AD,171,180,2,7,909.9
sub-035,AD,109,135,26,0,681.04
sub-036,AD,143,155,12,0,781.36
sub-037,CN,140,142,0,2,717.1
sub-038,CN,159,165,2,4,831.4
sub-039,CN,144,157,13,0,790.08
sub-040,CN,133,180,44,3,905.74
sub-041,CN,164,164,0,0,826.1
sub-042,CN,167,179,10,2,903.02
sub-043,CN,152,152,0,0,769.1
sub-044,CN,163,163,0,0,821.6
sub-045,CN,133,157,18,6,791.64
sub-046,CN,128,137,8,1,693.04
sub-047,CN,143,148,2,3,747.0
sub-048,CN,158,184,22,4,929.88
sub-049,CN,137,143,4,2,720.2
sub-050,CN,139,150,9,2,757.64
sub-051,CN,115,137,22,0,693.34
sub-052,CN,137,139,2,0,700.1
sub-053,CN,116,143,23,4,720.52
sub-054,CN,143,154,9,2,777.62
sub-055,CN,140,149,9,0,754.6
sub-056,CN,86,145,49,10,731.32
sub-057,CN,146,146,0,0,736.5
sub-058,CN,123,138,11,4,696.78
sub-059,CN,141,144,3,0,727.12
sub-060,CN,126,136,5,5,688.48
sub-061,CN,140,147,4,3,743.28
sub-062,CN,146,166,20,0,838.7
sub-063,CN,142,147,5,0,744.94
sub-064,CN,151,156,3,2,788.1
sub-065,CN,163,163,0,0,824.1
sub-066,FTD,94,96,2,0,489.76
sub-067,FTD,115,115,0,0,583.1
sub-068,FTD,94,101,3,4,513.1
sub-069,FTD,112,114,2,0,576.1
sub-070,FTD,82,82,0,0,419.1
sub-071,FTD,106,110,4,0,558.9
sub-072,FTD,112,118,6,0,597.42
sub-073,FTD,149,157,4,4,794.58
sub-074,FTD,167,189,13,9,954.5
sub-075,FTD,127,136,5,4,688.18
sub-076,FTD,148,150,0,2,758.8
sub-077,FTD,118,126,8,0,639.14
sub-078,FTD,156,161,4,1,810.9
sub-079,FTD,139,150,7,4,756.68
sub-080,FTD,150,170,15,5,855.14
sub-081,FTD,139,151,9,3,764.48
sub-082,FTD,136,142,0,6,717.6
sub-083,FTD,165,169,0,4,853.2
sub-084,FTD,117,117,0,0,592.1
sub-085,FTD,91,99,8,0,500.06
sub-086,FTD,40,102,62,0,518.8
sub-087,FTD,101,107,6,0,542.76
sub-088,FTD,134,143,9,0,724.7
