repeat,balanced_accuracy,accuracy,macro_f1,log_loss,n,recall_CN,specificity_CN,f1_CN,recall_FTD,specificity_FTD,f1_FTD,auc_CN,auc_FTD,macro_auc
0,0.59295,0.59615,0.59239,0.66985,52,0.62069,0.56522,0.63158,0.56522,0.62069,0.55319,0.60795,0.60795,0.60795
1,0.57571,0.57692,0.57440,0.65163,52,0.58621,0.56522,0.60714,0.56522,0.58621,0.54167,0.65667,0.65667,0.65667
2,0.59295,0.59615,0.59239,0.67281,52,0.62069,0.56522,0.63158,0.56522,0.62069,0.55319,0.65292,0.65292,0.65292
3,0.59295,0.59615,0.59239,0.67990,52,0.62069,0.56522,0.63158,0.56522,0.62069,0.55319,0.61619,0.61619,0.61619
4,0.57571,0.57692,0.57440,0.69270,52,0.58621,0.56522,0.60714,0.56522,0.58621,0.54167,0.58921,0.58921,0.58921
5,0.59295,0.59615,0.59239,0.65922,52,0.62069,0.56522,0.63158,0.56522,0.62069,0.55319,0.64993,0.64993,0.64993
6,0.57571,0.57692,0.57440,0.68270,52,0.58621,0.56522,0.60714,0.56522,0.58621,0.54167,0.61019,0.60945,0.60945
7,0.57571,0.57692,0.57440,0.65703,52,0.58621,0.56522,0.60714,0.56522,0.58621,0.54167,0.64693,0.64768,0.64768
8,0.57571,0.57692,0.57440,0.65177,52,0.58621,0.56522,0.60714,0.56522,0.58621,0.54167,0.67166,0.67166,0.67166
9,0.57571,0.57692,0.57440,0.67733,52,0.58621,0.56522,0.60714,0.56522,0.58621,0.54167,0.59445,0.59595,0.59595
