repeat,balanced_accuracy,accuracy,macro_f1,log_loss,n,recall_AD,specificity_AD,f1_AD,recall_CN,specificity_CN,f1_CN,recall_FTD,specificity_FTD,f1_FTD,auc_AD,auc_CN,auc_FTD,macro_auc
0,0.60803,0.63636,0.58904,0.95066,88,0.66667,0.76923,0.66667,0.89655,0.79661,0.77612,0.26087,0.87692,0.32432,0.76335,0.91818,0.63010,0.77054
1,0.58504,0.61364,0.57060,1.18935,88,0.66667,0.75000,0.65753,0.82759,0.79661,0.73846,0.26087,0.86154,0.31579,0.77083,0.89421,0.65485,0.77330
2,0.63522,0.64773,0.62224,1.13243,88,0.58333,0.80769,0.62687,0.93103,0.84746,0.83077,0.39130,0.81538,0.40909,0.73611,0.91642,0.63010,0.76088
3,0.61926,0.63636,0.61462,1.39471,88,0.63889,0.76923,0.64789,0.82759,0.86441,0.78689,0.39130,0.81538,0.40909,0.75000,0.90357,0.63813,0.76390
4,0.63075,0.64773,0.62092,1.46018,88,0.63889,0.84615,0.68657,0.86207,0.79661,0.75758,0.39130,0.83077,0.41860,0.76923,0.90824,0.64281,0.77343
5,0.59730,0.62500,0.58919,1.61264,88,0.69444,0.73077,0.66667,0.79310,0.83051,0.74194,0.30435,0.86154,0.35897,0.72489,0.90006,0.63545,0.75347
6,0.56308,0.60227,0.54063,1.86129,88,0.72222,0.76923,0.70270,0.79310,0.76271,0.69697,0.17391,0.86154,0.22222,0.73932,0.86324,0.51973,0.70743
7,0.62552,0.64773,0.61597,2.16718,88,0.66667,0.76923,0.66667,0.86207,0.83051,0.78125,0.34783,0.86154,0.40000,0.72596,0.89538,0.67224,0.76453
8,0.64301,0.65909,0.63810,1.47809,88,0.66667,0.82692,0.69565,0.82759,0.84746,0.77419,0.43478,0.81538,0.44444,0.77297,0.89714,0.59398,0.75470
9,0.62149,0.63636,0.61357,1.37695,88,0.61111,0.80769,0.64706,0.86207,0.84746,0.79365,0.39130,0.80000,0.40000,0.73077,0.90941,0.61605,0.75208
