repeat,fold,subject,y,p_AD,p_CN,p_FTD,n_epochs,params
0,0,sub-002,0,0.21394,0.00569,0.78037,139,"{""C"": 0.001}"
0,0,sub-003,0,0.22064,0.18692,0.59244,47,"{""C"": 0.001}"
0,0,sub-015,0,0.78245,0.20743,0.01012,143,"{""C"": 0.001}"
0,0,sub-021,0,0.96808,0.03061,0.00131,156,"{""C"": 0.001}"
0,0,sub-022,0,0.69635,0.00355,0.30010,146,"{""C"": 0.001}"
0,0,sub-024,0,0.99712,0.00225,0.00064,124,"{""C"": 0.001}"
0,0,sub-030,0,0.99959,0.00011,0.00030,88,"{""C"": 0.001}"
0,0,sub-038,1,0.45508,0.51919,0.02573,150,"{""C"": 0.001}"
0,0,sub-052,1,0.09542,0.89696,0.00763,133,"{""C"": 0.001}"
0,0,sub-053,1,0.58198,0.17509,0.24293,106,"{""C"": 0.001}"
0,0,sub-060,1,0.47300,0.46614,0.06086,126,"{""C"": 0.001}"
0,0,sub-061,1,0.59265,0.16300,0.24435,130,"{""C"": 0.001}"
0,0,sub-064,1,0.00111,0.99858,0.00031,151,"{""C"": 0.001}"
0,0,sub-072,2,0.85663,0.00033,0.14304,108,"{""C"": 0.001}"
0,0,sub-075,2,0.10948,0.00436,0.88616,127,"{""C"": 0.001}"
0,0,sub-076,2,0.82493,0.17468,0.00038,148,"{""C"": 0.001}"
0,0,sub-082,2,0.06775,0.72198,0.21027,137,"{""C"": 0.001}"
0,0,sub-083,2,0.24597,0.00562,0.74841,158,"{""C"": 0.001}"
