repeat,fold,subject,y,p_CN,p_FTD,n_epochs,params
0,0,sub-037,0,0.30823,0.69177,140,"{""C"": 0.01}"
0,1,sub-038,0,0.89294,0.10706,150,"{""C"": 0.001}"
0,2,sub-039,0,0.91374,0.08626,141,"{""C"": 0.0001}"
0,3,sub-040,0,0.64908,0.35092,132,"{""C"": 0.0001}"
0,4,sub-041,0,0.93024,0.06976,164,"{""C"": 0.0001}"
0,5,sub-042,0,0.44626,0.55374,167,"{""C"": 0.0001}"
0,6,sub-043,0,0.27388,0.72612,152,"{""C"": 0.0001}"
0,7,sub-044,0,0.97084,0.02916,163,"{""C"": 0.001}"
0,8,sub-045,0,0.82051,0.17949,127,"{""C"": 0.0001}"
0,9,sub-046,0,0.62452,0.37548,116,"{""C"": 0.0001}"
0,10,sub-047,0,0.55894,0.44106,145,"{""C"": 0.0001}"
0,11,sub-048,0,0.88393,0.11607,162,"{""C"": 0.0001}"
0,12,sub-049,0,0.98344,0.01656,131,"{""C"": 0.001}"
0,13,sub-050,0,0.67431,0.32569,141,"{""C"": 0.0001}"
0,14,sub-051,0,0.90025,0.09975,115,"{""C"": 0.0001}"
0,15,sub-052,0,0.64315,0.35685,133,"{""C"": 0.0001}"
0,16,sub-053,0,0.13343,0.86657,106,"{""C"": 0.001}"
0,17,sub-054,0,0.37240,0.62760,125,"{""C"": 0.0001}"
0,18,sub-055,0,0.84105,0.15895,140,"{""C"": 0.0001}"
0,19,sub-056,0,0.72705,0.27295,96,"{""C"": 0.0001}"
0,20,sub-057,0,0.73481,0.26519,146,"{""C"": 0.0001}"
0,21,sub-058,0,0.65085,0.34915,123,"{""C"": 0.0001}"
0,22,sub-059,0,0.82780,0.17220,141,"{""C"": 0.0001}"
0,23,sub-060,0,0.84313,0.15687,126,"{""C"": 0.0001}"
0,24,sub-061,0,0.25179,0.74821,130,"{""C"": 0.0001}"
0,25,sub-062,0,0.31768,0.68232,146,"{""C"": 0.0001}"
0,26,sub-063,0,0.52833,0.47167,140,"{""C"": 0.0001}"
0,27,sub-064,0,0.86428,0.13572,151,"{""C"": 0.0001}"
0,28,sub-065,0,0.67516,0.32484,163,"{""C"": 0.0001}"
0,29,sub-066,1,0.36093,0.63907,93,"{""C"": 0.0001}"
0,30,sub-067,1,0.00058,0.99942,112,"{""C"": 0.1}"
0,31,sub-068,1,0.46031,0.53969,94,"{""C"": 0.0001}"
0,32,sub-069,1,0.18848,0.81152,108,"{""C"": 0.0001}"
0,33,sub-070,1,0.35512,0.64488,82,"{""C"": 0.0001}"
0,34,sub-071,1,0.32940,0.67060,106,"{""C"": 0.0001}"
0,35,sub-072,1,0.08398,0.91602,108,"{""C"": 0.0001}"
0,36,sub-073,1,0.65074,0.34926,143,"{""C"": 0.0001}"
0,37,sub-074,1,0.50583,0.49417,165,"{""C"": 0.0001}"
0,38,sub-075,1,0.36052,0.63948,127,"{""C"": 0.0001}"
0,39,sub-076,1,0.95631,0.04369,148,"{""C"": 0.0001}"
0,40,sub-077,1,0.05508,0.94492,114,"{""C"": 0.0001}"
0,41,sub-078,1,0.32666,0.67334,150,"{""C"": 0.0001}"
0,42,sub-079,1,0.34883,0.65117,135,"{""C"": 0.0001}"
0,43,sub-080,1,0.97078,0.02922,151,"{""C"": 0.001}"
0,44,sub-081,1,0.64139,0.35861,142,"{""C"": 0.001}"
0,45,sub-082,1,0.75006,0.24994,137,"{""C"": 0.001}"
0,46,sub-083,1,0.12577,0.87423,158,"{""C"": 0.0001}"
0,47,sub-084,1,0.32067,0.67933,117,"{""C"": 0.0001}"
0,48,sub-085,1,0.12950,0.87050,91,"{""C"": 0.0001}"
0,49,sub-086,1,0.25177,0.74823,40,"{""C"": 0.0001}"
0,50,sub-087,1,0.24278,0.75722,99,"{""C"": 0.0001}"
0,51,sub-088,1,0.59404,0.40596,132,"{""C"": 0.0001}"
