repeat,balanced_accuracy,accuracy,macro_f1,log_loss,n,recall_FTD,specificity_FTD,f1_FTD,recall_AD,specificity_AD,f1_AD,auc_FTD,auc_AD,macro_auc
0,0.60024,0.62712,0.60135,0.85583,59,0.47826,0.72222,0.50000,0.72222,0.47826,0.70270,0.64855,0.64855,0.64855
1,0.55072,0.57627,0.55099,1.14042,59,0.43478,0.66667,0.44444,0.66667,0.43478,0.65753,0.61836,0.61836,0.61836
2,0.56461,0.59322,0.56511,1.69252,59,0.43478,0.69444,0.45455,0.69444,0.43478,0.67568,0.54710,0.54710,0.54710
3,0.52899,0.55932,0.52887,1.02800,59,0.39130,0.66667,0.40909,0.66667,0.39130,0.64865,0.55314,0.55314,0.55314
4,0.58635,0.61017,0.58691,1.05072,59,0.47826,0.69444,0.48889,0.69444,0.47826,0.68493,0.62440,0.62440,0.62440
5,0.53684,0.55932,0.53684,1.04606,59,0.43478,0.63889,0.43478,0.63889,0.43478,0.63889,0.58213,0.58213,0.58213
6,0.54287,0.57627,0.54264,1.29472,59,0.39130,0.69444,0.41860,0.69444,0.39130,0.66667,0.61594,0.61594,0.61594
7,0.56461,0.59322,0.56511,0.74905,59,0.43478,0.69444,0.45455,0.69444,0.43478,0.67568,0.63164,0.63164,0.63164
8,0.58635,0.61017,0.58691,0.67959,59,0.47826,0.69444,0.48889,0.69444,0.47826,0.68493,0.65338,0.65338,0.65338
9,0.46377,0.50847,0.45803,1.48753,59,0.26087,0.66667,0.29268,0.66667,0.26087,0.62338,0.47101,0.47101,0.47101
