repeat,fold,subject,y,p_CN,p_AD,n_epochs,params
0,0,sub-001,1,0.67893,0.32107,100,"{""C"": 1.0}"
0,1,sub-002,1,0.00127,0.99873,139,"{""C"": 0.1}"
0,2,sub-003,1,0.24140,0.75860,47,"{""C"": 0.01}"
0,3,sub-004,1,0.00000,1.00000,120,"{""C"": 1.0}"
0,4,sub-005,1,0.36351,0.63649,145,"{""C"": 0.001}"
0,5,sub-006,1,0.98087,0.01913,106,"{""C"": 0.001}"
0,6,sub-007,1,0.00001,0.99999,134,"{""C"": 0.01}"
0,7,sub-008,1,0.02476,0.97524,138,"{""C"": 1.0}"
0,8,sub-009,1,0.34910,0.65090,106,"{""C"": 0.0001}"
0,9,sub-010,1,0.74015,0.25985,225,"{""C"": 0.0001}"
0,10,sub-011,1,0.00378,0.99622,120,"{""C"": 0.01}"
0,11,sub-012,1,0.99434,0.00566,152,"{""C"": 1.0}"
0,12,sub-013,1,0.05420,0.94580,151,"{""C"": 0.001}"
0,13,sub-014,1,0.00008,0.99992,157,"{""C"": 1.0}"
0,14,sub-015,1,0.04811,0.95189,143,"{""C"": 1.0}"
0,15,sub-016,1,0.05379,0.94621,164,"{""C"": 0.0001}"
0,16,sub-017,1,0.00002,0.99998,137,"{""C"": 0.1}"
0,17,sub-018,1,0.02754,0.97246,146,"{""C"": 0.001}"
0,18,sub-019,1,0.66284,0.33716,161,"{""C"": 0.0001}"
0,19,sub-020,1,0.14538,0.85462,160,"{""C"": 0.0001}"
0,20,sub-021,1,0.04590,0.95410,156,"{""C"": 0.1}"
0,21,sub-022,1,0.01062,0.98938,146,"{""C"": 0.001}"
0,22,sub-023,1,0.00279,0.99721,120,"{""C"": 0.1}"
0,23,sub-024,1,0.01181,0.98819,124,"{""C"": 0.001}"
0,24,sub-025,1,0.99539,0.00461,106,"{""C"": 0.01}"
0,25,sub-026,1,0.01717,0.98284,138,"{""C"": 0.01}"
0,26,sub-027,1,0.00171,0.99829,145,"{""C"": 0.001}"
0,27,sub-028,1,0.00657,0.99343,131,"{""C"": 0.001}"
0,28,sub-029,1,0.03495,0.96505,122,"{""C"": 0.0001}"
0,29,sub-030,1,0.00001,0.99999,88,"{""C"": 1.0}"
0,30,sub-031,1,0.69418,0.30582,183,"{""C"": 0.001}"
0,31,sub-032,1,0.01966,0.98034,96,"{""C"": 0.001}"
0,32,sub-033,1,0.04091,0.95909,128,"{""C"": 0.1}"
0,33,sub-034,1,0.00017,0.99983,166,"{""C"": 0.01}"
0,34,sub-035,1,0.00107,0.99893,109,"{""C"": 0.1}"
0,35,sub-036,1,0.87241,0.12759,143,"{""C"": 0.1}"
0,36,sub-037,0,0.96808,0.03192,140,"{""C"": 0.1}"
0,37,sub-038,0,0.85716,0.14284,150,"{""C"": 1.0}"
0,38,sub-039,0,0.99995,0.00005,141,"{""C"": 1.0}"
0,39,sub-040,0,0.99362,0.00638,132,"{""C"": 0.1}"
0,40,sub-041,0,0.99954,0.00046,164,"{""C"": 0.1}"
0,41,sub-042,0,0.67516,0.32484,167,"{""C"": 0.0001}"
0,42,sub-043,0,0.58714,0.41286,152,"{""C"": 0.0001}"
0,43,sub-044,0,0.82955,0.17045,163,"{""C"": 0.0001}"
0,44,sub-045,0,0.63134,0.36866,127,"{""C"": 0.001}"
0,45,sub-046,0,0.89748,0.10252,116,"{""C"": 0.001}"
0,46,sub-047,0,0.86697,0.13303,145,"{""C"": 0.001}"
0,47,sub-048,0,0.99404,0.00596,162,"{""C"": 0.01}"
0,48,sub-049,0,0.94214,0.05786,131,"{""C"": 0.001}"
0,49,sub-050,0,0.50059,0.49941,141,"{""C"": 0.001}"
0,50,sub-051,0,0.97781,0.02219,115,"{""C"": 0.01}"
0,51,sub-052,0,0.99960,0.00040,133,"{""C"": 1.0}"
0,52,sub-053,0,0.31332,0.68668,106,"{""C"": 0.001}"
0,53,sub-054,0,0.74411,0.25589,125,"{""C"": 0.01}"
0,54,sub-055,0,0.99914,0.00086,140,"{""C"": 0.01}"
0,55,sub-056,0,0.63720,0.36280,96,"{""C"": 0.001}"
0,56,sub-057,0,0.89416,0.10584,146,"{""C"": 0.01}"
0,57,sub-058,0,0.97101,0.02899,123,"{""C"": 0.001}"
0,58,sub-059,0,0.93859,0.06141,141,"{""C"": 0.1}"
0,59,sub-060,0,0.98402,0.01598,126,"{""C"": 0.001}"
0,60,sub-061,0,0.09728,0.90272,130,"{""C"": 1.0}"
0,61,sub-062,0,0.61358,0.38642,146,"{""C"": 0.0001}"
0,62,sub-063,0,0.88115,0.11885,140,"{""C"": 1.0}"
0,63,sub-064,0,0.99992,0.00008,151,"{""C"": 0.1}"
0,64,sub-065,0,0.67539,0.32461,163,"{""C"": 0.001}"
