repeat,fold,balanced_accuracy,accuracy,macro_f1,log_loss,n,recall_CN,specificity_CN,f1_CN,recall_FTD,specificity_FTD,f1_FTD,auc_CN,auc_FTD,macro_auc
0,0,0.53407,0.58831,0.48640,1.38011,1540,0.90045,0.16768,0.71518,0.16768,0.90045,0.25761,0.58913,0.58913,0.58913
0,1,0.66433,0.68125,0.66503,0.55307,1509,0.80378,0.52489,0.73873,0.52489,0.80378,0.59133,0.79020,0.79020,0.79020
0,2,0.83857,0.80389,0.80243,0.51987,1234,0.70566,0.97149,0.81940,0.97149,0.70566,0.78546,0.85759,0.85759,0.85759
0,3,0.77072,0.73745,0.72920,1.04213,1215,0.67561,0.86582,0.77645,0.86582,0.67561,0.68195,0.79527,0.79527,0.79527
0,4,0.84546,0.85308,0.84908,0.56868,1266,0.94006,0.75086,0.87364,0.75086,0.94006,0.82453,0.87862,0.87862,0.87862
1,0,0.75294,0.75891,0.75413,0.57918,1572,0.84148,0.66439,0.78839,0.66439,0.84148,0.71988,0.77808,0.77808,0.77808
1,1,0.77377,0.76393,0.76311,0.51011,1364,0.71103,0.83652,0.77701,0.83652,0.71103,0.74922,0.88025,0.88025,0.88025
1,2,0.66641,0.75760,0.67970,0.73088,1316,0.90739,0.42543,0.83766,0.42543,0.90739,0.52174,0.84151,0.84151,0.84151
1,3,0.64831,0.63393,0.62287,0.88297,1232,0.60488,0.69175,0.68746,0.69175,0.60488,0.55828,0.67954,0.67954,0.67954
1,4,0.80098,0.80469,0.79949,0.40985,1280,0.94064,0.66132,0.83176,0.66132,0.94064,0.76723,0.93366,0.93366,0.93366
2,0,0.81877,0.81009,0.80865,0.39798,1427,0.76739,0.87015,0.82527,0.87015,0.76739,0.79202,0.91327,0.91327,0.91327
2,1,0.66070,0.70199,0.66022,1.20994,1406,0.89480,0.42660,0.77936,0.42660,0.89480,0.54107,0.66423,0.66423,0.66423
2,2,0.56203,0.59878,0.56229,0.96163,1316,0.69276,0.43129,0.68868,0.43129,0.69276,0.43590,0.58630,0.58630,0.58630
2,3,0.94059,0.93299,0.92865,0.36971,1358,0.91438,0.96680,0.94625,0.96680,0.91438,0.91105,0.97388,0.97388,0.97388
2,4,0.82816,0.82816,0.82816,0.41898,1257,0.82911,0.82720,0.82911,0.82720,0.82911,0.82720,0.89189,0.89189,0.89189
3,0,0.72280,0.74048,0.72584,0.99340,1445,0.81439,0.63122,0.78921,0.63122,0.81439,0.66247,0.70973,0.70973,0.70973
3,1,0.60860,0.62353,0.60133,0.63775,1445,0.79615,0.42105,0.69541,0.42105,0.79615,0.50725,0.68925,0.68925,0.68925
3,2,0.88503,0.86774,0.86277,0.31608,1240,0.82412,0.94595,0.88889,0.94595,0.82412,0.83665,0.96162,0.96162,0.96162
3,3,0.68546,0.66849,0.65629,0.69478,1279,0.63647,0.73445,0.72105,0.73445,0.63647,0.59152,0.72917,0.72917,0.72917
3,4,0.71840,0.72103,0.71886,1.87287,1355,0.76858,0.66822,0.74355,0.66822,0.76858,0.69417,0.73077,0.73078,0.73078
4,0,0.72781,0.75476,0.73324,0.48195,1419,0.89333,0.56229,0.80900,0.56229,0.89333,0.65748,0.87744,0.87744,0.87744
4,1,0.66304,0.67367,0.66138,0.62270,1428,0.71329,0.61279,0.72588,0.61279,0.71329,0.59689,0.71729,0.71729,0.71729
4,2,0.79927,0.77361,0.77107,0.53418,1281,0.69938,0.89916,0.79520,0.89916,0.69938,0.74695,0.90556,0.90556,0.90556
4,3,0.78280,0.81324,0.79286,0.62956,1269,0.91199,0.65361,0.85783,0.65361,0.91199,0.72790,0.74095,0.74095,0.74095
4,4,0.73032,0.73592,0.73136,1.34833,1367,0.80764,0.65300,0.76634,0.65300,0.80764,0.69638,0.81791,0.81791,0.81791
5,0,0.70297,0.68352,0.68333,0.81270,1305,0.59767,0.80827,0.69110,0.80827,0.59767,0.67557,0.81626,0.81626,0.81626
5,1,0.80200,0.81191,0.80571,0.42904,1579,0.88562,0.71839,0.84041,0.71839,0.88562,0.77101,0.92214,0.92214,0.92214
5,2,0.64100,0.67172,0.64350,1.30021,1450,0.79152,0.49047,0.74381,0.49047,0.79152,0.54319,0.66551,0.66551,0.66551
5,3,0.71614,0.76400,0.72647,0.72052,1250,0.89633,0.53595,0.82779,0.53595,0.89633,0.62516,0.69089,0.69089,0.69089
5,4,0.72825,0.75000,0.73309,0.55174,1180,0.85405,0.60246,0.80027,0.60246,0.85405,0.66591,0.81903,0.81903,0.81903
6,0,0.90390,0.89884,0.89615,0.51318,1374,0.87923,0.92857,0.91285,0.92857,0.87923,0.87944,0.94396,0.94372,0.94372
6,1,0.61549,0.61660,0.61412,0.85437,1398,0.62516,0.60582,0.64503,0.60582,0.62516,0.58320,0.71425,0.71425,0.71425
6,2,0.63271,0.64794,0.63241,1.22307,1406,0.70505,0.56036,0.70796,0.56036,0.70505,0.55685,0.60027,0.60027,0.60027
6,3,0.74394,0.76556,0.74638,0.46950,1382,0.82834,0.65953,0.81612,0.65953,0.82834,0.67665,0.86180,0.86180,0.86180
6,4,0.79854,0.81811,0.80581,0.43954,1204,0.93878,0.65830,0.85468,0.65830,0.93878,0.75694,0.89068,0.89068,0.89068
7,0,0.75934,0.75053,0.74333,0.49597,1403,0.72604,0.79264,0.78632,0.79264,0.72604,0.70034,0.85670,0.85670,0.85670
7,1,0.78379,0.76084,0.75701,0.54224,1338,0.69847,0.86912,0.78752,0.86912,0.69847,0.72650,0.86319,0.86319,0.86319
7,2,0.63500,0.65734,0.63671,2.05966,1322,0.75127,0.51873,0.72327,0.51873,0.75127,0.55015,0.65924,0.65924,0.65924
7,3,0.64947,0.67250,0.65077,0.60018,1371,0.74970,0.54924,0.73789,0.54924,0.74970,0.56365,0.74950,0.74950,0.74950
7,4,0.70703,0.69850,0.67620,2.02839,1330,0.99070,0.42336,0.76117,0.42336,0.99070,0.59123,0.74916,0.74915,0.74915
8,0,0.74710,0.73966,0.73963,0.57601,1475,0.67809,0.81611,0.74263,0.81611,0.67809,0.73663,0.78201,0.78201,0.78201
8,1,0.64361,0.70092,0.63051,1.72647,1528,0.96556,0.32166,0.79180,0.32166,0.96556,0.46922,0.69902,0.69902,0.69902
8,2,0.63990,0.60935,0.60512,2.15496,1198,0.54257,0.73723,0.64599,0.73723,0.54257,0.56425,0.75079,0.75079,0.75079
8,3,0.79600,0.82399,0.80267,0.37408,1284,0.89157,0.70044,0.86753,0.70044,0.89157,0.73782,0.89791,0.89791,0.89791
8,4,0.67570,0.67631,0.67547,1.40163,1279,0.68584,0.66556,0.69196,0.66556,0.68584,0.65898,0.77159,0.77159,0.77159
9,0,0.85358,0.85311,0.85080,0.41646,1559,0.85045,0.85671,0.86937,0.85671,0.85045,0.83223,0.93008,0.93008,0.93008
9,1,0.64132,0.67772,0.64144,0.86870,1418,0.84450,0.43814,0.75548,0.43814,0.84450,0.52740,0.63136,0.63136,0.63136
9,2,0.65296,0.68412,0.65610,0.52046,1184,0.79063,0.51528,0.75427,0.51528,0.79063,0.55792,0.77906,0.77906,0.77906
9,3,0.69354,0.71485,0.68727,0.57480,1273,0.75676,0.63033,0.78013,0.63033,0.75676,0.59441,0.77500,0.77500,0.77500
9,4,0.81316,0.80677,0.80594,0.93321,1330,0.70128,0.92504,0.79324,0.92504,0.70128,0.81863,0.85711,0.85711,0.85711
