repeat,balanced_accuracy,accuracy,macro_f1,log_loss,n,recall_CN,specificity_CN,f1_CN,recall_AD,specificity_AD,f1_AD,auc_CN,auc_AD,macro_auc
0,0.75260,0.74977,0.74934,0.66261,8864,0.78240,0.72279,0.73894,0.72279,0.78240,0.75975,0.80639,0.80639,0.80639
1,0.74214,0.73996,0.73938,0.71027,8864,0.76520,0.71908,0.72706,0.71908,0.76520,0.75170,0.79745,0.79745,0.79745
2,0.77765,0.77347,0.77327,0.57397,8864,0.82178,0.73351,0.76657,0.73351,0.82178,0.77997,0.83552,0.83552,0.83552
3,0.74378,0.74267,0.74177,0.69929,8864,0.75548,0.73207,0.72660,0.73207,0.75548,0.75695,0.81471,0.81471,0.81471
4,0.76165,0.75812,0.75783,0.64429,8864,0.79885,0.72444,0.74936,0.72444,0.79885,0.76630,0.79411,0.79411,0.79411
5,0.77360,0.76918,0.76901,0.57314,8864,0.82029,0.72692,0.76287,0.72692,0.82029,0.77516,0.83058,0.83058,0.83058
6,0.78211,0.77820,0.77796,0.55129,8864,0.82328,0.74093,0.77065,0.74093,0.82328,0.78528,0.84786,0.84786,0.84786
7,0.76491,0.76218,0.76173,0.65461,8864,0.79362,0.73619,0.75130,0.73619,0.79362,0.77216,0.81420,0.81420,0.81420
8,0.78581,0.78238,0.78206,0.57859,8864,0.82203,0.74959,0.77372,0.74959,0.82203,0.79039,0.83897,0.83897,0.83897
9,0.79613,0.78836,0.78835,0.58391,8864,0.87812,0.71414,0.78973,0.71414,0.87812,0.78696,0.83585,0.83585,0.83585
