repeat,fold,balanced_accuracy,accuracy,macro_f1,log_loss,n,recall_AD,specificity_AD,f1_AD,recall_CN,specificity_CN,f1_CN,recall_FTD,specificity_FTD,f1_FTD,auc_AD,auc_CN,auc_FTD,macro_auc
0,0,0.50000,0.50000,0.49231,1.36092,18,0.50000,0.90000,0.61538,0.60000,0.61538,0.46154,0.40000,0.76923,0.40000,0.78750,0.70769,0.56923,0.68814
0,1,0.41587,0.44444,0.40692,1.14347,18,0.71429,0.36364,0.52632,0.33333,0.91667,0.44444,0.20000,0.84615,0.25000,0.58442,0.90278,0.43077,0.63932
0,2,0.60159,0.61111,0.60370,0.80667,18,0.57143,0.63636,0.53333,0.83333,0.91667,0.83333,0.40000,0.84615,0.44444,0.81818,0.94444,0.69231,0.81831
0,3,0.76587,0.76471,0.75641,0.54899,17,0.71429,0.90000,0.76923,0.83333,0.90909,0.83333,0.75000,0.84615,0.66667,0.91429,0.95455,0.88462,0.91782
0,4,0.47619,0.52941,0.40385,1.32047,17,0.42857,0.70000,0.46154,1.00000,0.63636,0.75000,0.00000,0.92308,0.00000,0.64286,0.87879,0.59615,0.70593
1,0,0.54167,0.55556,0.51068,0.94065,18,0.62500,0.80000,0.66667,0.80000,0.69231,0.61538,0.20000,0.84615,0.25000,0.78750,0.89231,0.66154,0.78045
1,1,0.68571,0.72222,0.64683,0.64701,18,0.85714,0.72727,0.75000,1.00000,0.83333,0.85714,0.20000,1.00000,0.33333,0.88312,0.97222,0.83077,0.89537
1,2,0.53492,0.55556,0.51068,0.84536,18,0.57143,0.81818,0.61538,0.83333,0.66667,0.66667,0.20000,0.84615,0.25000,0.80519,0.83333,0.63077,0.75643
1,3,0.54365,0.58824,0.53968,1.09048,17,0.71429,0.70000,0.66667,0.66667,0.81818,0.66667,0.25000,0.84615,0.28571,0.75714,0.84848,0.75000,0.78521
1,4,0.68254,0.70588,0.67949,1.25726,17,0.71429,0.90000,0.76923,0.83333,0.81818,0.76923,0.50000,0.84615,0.50000,0.75714,0.86364,0.46154,0.69411
2,0,0.50000,0.50000,0.48316,0.80287,18,0.50000,0.60000,0.50000,0.80000,0.84615,0.72727,0.20000,0.76923,0.22222,0.67500,0.96923,0.63077,0.75833
2,1,0.52540,0.50000,0.47071,1.61376,18,0.14286,0.81818,0.20000,0.83333,0.66667,0.66667,0.60000,0.76923,0.54545,0.54545,0.84722,0.69231,0.69499
2,2,0.63810,0.66667,0.61325,0.74186,18,0.71429,0.72727,0.66667,1.00000,0.91667,0.92308,0.20000,0.84615,0.25000,0.84416,0.95833,0.64615,0.81621
2,3,0.67460,0.70588,0.67937,0.93618,17,0.85714,0.80000,0.80000,0.66667,0.81818,0.66667,0.50000,0.92308,0.57143,0.97143,0.83333,0.65385,0.81954
2,4,0.54365,0.58824,0.55833,1.26065,17,0.71429,0.60000,0.62500,0.66667,1.00000,0.80000,0.25000,0.76923,0.25000,0.64286,1.00000,0.28846,0.64377
3,0,0.63333,0.61111,0.60370,1.02021,18,0.50000,0.70000,0.53333,1.00000,0.84615,0.83333,0.40000,0.84615,0.44444,0.71250,1.00000,0.67692,0.79647
3,1,0.63810,0.66667,0.60641,0.73238,18,0.71429,0.90909,0.76923,1.00000,0.75000,0.80000,0.20000,0.84615,0.25000,0.94805,0.93056,0.55385,0.81082
3,2,0.64921,0.66667,0.64530,0.74870,18,0.71429,0.72727,0.66667,0.83333,0.83333,0.76923,0.40000,0.92308,0.50000,0.85714,0.90278,0.72308,0.82767
3,3,0.64286,0.64706,0.61905,1.29226,17,0.42857,0.80000,0.50000,1.00000,0.81818,0.85714,0.50000,0.84615,0.50000,0.44286,0.84848,0.69231,0.66122
3,4,0.53175,0.52941,0.52028,0.98153,17,0.42857,0.90000,0.54545,0.66667,0.72727,0.61538,0.50000,0.69231,0.40000,0.82857,0.78788,0.65385,0.75677
4,0,0.60833,0.61111,0.59524,1.04248,18,0.62500,0.90000,0.71429,0.80000,0.61538,0.57143,0.40000,0.92308,0.50000,0.75000,0.84615,0.75385,0.78333
4,1,0.66032,0.66667,0.66234,0.74143,18,0.71429,0.81818,0.71429,0.66667,0.91667,0.72727,0.60000,0.76923,0.54545,0.84416,0.94444,0.76923,0.85261
4,2,0.49841,0.50000,0.49259,1.17484,18,0.42857,0.81818,0.50000,0.66667,0.58333,0.53333,0.40000,0.84615,0.44444,0.66234,0.66667,0.61538,0.64813
4,3,0.65476,0.64706,0.63810,0.73273,17,0.71429,0.80000,0.71429,0.50000,0.90909,0.60000,0.75000,0.76923,0.60000,0.84286,0.92424,0.78846,0.85185
4,4,0.82143,0.82353,0.81410,0.57992,17,0.71429,0.90000,0.76923,1.00000,0.90909,0.92308,0.75000,0.92308,0.75000,0.84286,1.00000,0.86538,0.90275
5,0,0.54167,0.55556,0.56729,0.72432,18,0.62500,0.60000,0.58824,0.60000,1.00000,0.75000,0.40000,0.69231,0.36364,0.81250,0.95385,0.72308,0.82981
5,1,0.50635,0.50000,0.50000,1.23784,18,0.28571,0.72727,0.33333,0.83333,0.91667,0.83333,0.40000,0.61538,0.33333,0.61039,0.90278,0.69231,0.73516
5,2,0.71587,0.72222,0.71282,0.76417,18,0.71429,0.90909,0.76923,0.83333,0.83333,0.76923,0.60000,0.84615,0.60000,0.79221,0.97222,0.83077,0.86507
5,3,0.68254,0.70588,0.67949,0.59487,17,0.71429,0.90000,0.76923,0.83333,0.81818,0.76923,0.50000,0.84615,0.50000,0.90000,0.93939,0.84615,0.89518
5,4,0.62698,0.64706,0.63370,1.23149,17,0.71429,0.80000,0.71429,0.66667,0.72727,0.61538,0.50000,0.92308,0.57143,0.85714,0.81818,0.51923,0.73152
6,0,0.60833,0.61111,0.59722,0.87581,18,0.62500,0.70000,0.62500,0.80000,0.76923,0.66667,0.40000,0.92308,0.50000,0.73750,0.89231,0.73846,0.78942
6,1,0.52698,0.55556,0.51852,1.53347,18,0.71429,0.72727,0.66667,0.66667,0.83333,0.66667,0.20000,0.76923,0.22222,0.64935,0.84722,0.40000,0.63219
6,2,0.66032,0.66667,0.66234,0.69489,18,0.71429,0.81818,0.71429,0.66667,0.91667,0.72727,0.60000,0.76923,0.54545,0.85714,0.95833,0.73846,0.85131
6,3,0.55159,0.58824,0.54167,0.82418,17,0.57143,0.90000,0.66667,0.83333,0.54545,0.62500,0.25000,0.92308,0.33333,0.85714,0.92424,0.75000,0.84380
6,4,0.56349,0.64706,0.52308,1.09440,17,0.85714,0.80000,0.80000,0.83333,0.81818,0.76923,0.00000,0.84615,0.00000,0.92857,0.87879,0.55769,0.78835
7,0,0.71667,0.72222,0.69048,1.24002,18,0.75000,1.00000,0.85714,1.00000,0.69231,0.71429,0.40000,0.92308,0.50000,0.82500,0.90769,0.60000,0.77756
7,1,0.61270,0.61111,0.61472,1.08459,18,0.57143,0.72727,0.57143,0.66667,0.91667,0.72727,0.60000,0.76923,0.54545,0.66234,0.86111,0.67692,0.73346
7,2,0.56508,0.55556,0.57619,0.82878,18,0.42857,0.81818,0.50000,0.66667,1.00000,0.80000,0.60000,0.53846,0.42857,0.85714,0.91667,0.73846,0.83742
7,3,0.76587,0.76471,0.76587,0.72474,17,0.71429,0.80000,0.71429,0.83333,0.90909,0.83333,0.75000,0.92308,0.75000,0.77143,0.96970,0.86538,0.86884
7,4,0.60714,0.64706,0.59048,1.02131,17,0.57143,0.70000,0.57143,1.00000,0.72727,0.80000,0.25000,1.00000,0.40000,0.65714,0.93939,0.76923,0.78859
8,0,0.51667,0.55556,0.52778,0.87783,18,0.75000,0.80000,0.75000,0.40000,0.92308,0.50000,0.40000,0.61538,0.33333,0.81250,0.90769,0.67692,0.79904
8,1,0.59365,0.61111,0.59365,1.13011,18,0.71429,0.81818,0.71429,0.66667,0.83333,0.66667,0.40000,0.76923,0.40000,0.72727,0.86111,0.56923,0.71920
8,2,0.67937,0.66667,0.66977,1.33757,18,0.57143,1.00000,0.72727,0.66667,0.83333,0.66667,0.80000,0.69231,0.61538,0.84416,0.81944,0.67692,0.78017
8,3,0.63492,0.64706,0.63492,0.75714,17,0.57143,0.70000,0.57143,0.83333,0.90909,0.83333,0.50000,0.84615,0.50000,0.75714,0.93939,0.69231,0.79628
8,4,0.65476,0.70588,0.63492,0.91733,17,0.71429,0.80000,0.71429,1.00000,0.81818,0.85714,0.25000,0.92308,0.33333,0.80000,0.84848,0.59615,0.74821
9,0,0.59167,0.55556,0.53704,0.90163,18,0.37500,0.90000,0.50000,1.00000,0.61538,0.66667,0.40000,0.84615,0.44444,0.83750,0.87692,0.75385,0.82276
9,1,0.45873,0.44444,0.40349,2.18579,18,0.14286,0.90909,0.22222,0.83333,0.50000,0.58824,0.40000,0.76923,0.40000,0.51948,0.69444,0.60000,0.60464
9,2,0.67778,0.72222,0.64203,0.70107,18,1.00000,0.72727,0.82353,0.83333,0.83333,0.76923,0.20000,1.00000,0.33333,0.96104,0.95833,0.78462,0.90133
9,3,0.59921,0.64706,0.60859,0.57990,17,0.71429,0.70000,0.66667,0.83333,1.00000,0.90909,0.25000,0.76923,0.25000,0.90000,0.98485,0.76923,0.88469
9,4,0.57937,0.58824,0.59301,0.96825,17,0.57143,0.80000,0.61538,0.66667,1.00000,0.80000,0.50000,0.61538,0.36364,0.80000,0.87879,0.53846,0.73908
