repeat,fold,balanced_accuracy,accuracy,macro_f1,log_loss,n,recall_FTD,specificity_FTD,f1_FTD,recall_AD,specificity_AD,f1_AD,auc_FTD,auc_AD,macro_auc
0,0,0.62500,0.66667,0.62500,0.93472,12,0.50000,0.75000,0.50000,0.75000,0.50000,0.75000,0.56250,0.56250,0.56250
0,1,0.51429,0.50000,0.50000,0.89027,12,0.60000,0.42857,0.50000,0.42857,0.60000,0.50000,0.42857,0.42857,0.42857
0,2,0.75714,0.75000,0.74825,0.68881,12,0.80000,0.71429,0.72727,0.71429,0.80000,0.76923,0.80000,0.80000,0.80000
0,3,0.55714,0.58333,0.55556,0.78435,12,0.40000,0.71429,0.44444,0.71429,0.40000,0.66667,0.71429,0.71429,0.71429
0,4,0.80357,0.81818,0.80357,1.08179,11,0.75000,0.85714,0.75000,0.85714,0.75000,0.85714,0.75000,0.75000,0.75000
1,0,0.75000,0.75000,0.73333,0.96524,12,0.75000,0.75000,0.66667,0.75000,0.75000,0.80000,0.56250,0.56250,0.56250
1,1,0.70000,0.75000,0.69748,0.61314,12,0.40000,1.00000,0.57143,1.00000,0.40000,0.82353,0.71429,0.71429,0.71429
1,2,0.45714,0.50000,0.43750,1.23578,12,0.20000,0.71429,0.25000,0.71429,0.20000,0.62500,0.40000,0.40000,0.40000
1,3,0.65714,0.66667,0.65714,0.88416,12,0.60000,0.71429,0.60000,0.71429,0.60000,0.71429,0.62857,0.62857,0.62857
1,4,0.80357,0.81818,0.80357,1.92379,11,0.75000,0.85714,0.75000,0.85714,0.75000,0.85714,0.71429,0.71429,0.71429
2,0,0.43750,0.50000,0.43750,1.00273,12,0.25000,0.62500,0.25000,0.62500,0.25000,0.62500,0.43750,0.43750,0.43750
2,1,0.48571,0.50000,0.48571,1.06578,12,0.40000,0.57143,0.40000,0.57143,0.40000,0.57143,0.40000,0.40000,0.40000
2,2,0.75714,0.75000,0.74825,0.83423,12,0.80000,0.71429,0.72727,0.71429,0.80000,0.76923,0.68571,0.68571,0.68571
2,3,0.82857,0.83333,0.82857,0.39080,12,0.80000,0.85714,0.80000,0.85714,0.80000,0.85714,0.94286,0.94286,0.94286
2,4,0.60714,0.63636,0.60714,1.38835,11,0.50000,0.71429,0.50000,0.71429,0.50000,0.71429,0.82143,0.82143,0.82143
3,0,0.43750,0.50000,0.43750,0.92547,12,0.25000,0.62500,0.25000,0.62500,0.25000,0.62500,0.46875,0.46875,0.46875
3,1,0.50000,0.58333,0.36842,1.71731,12,0.00000,1.00000,0.00000,1.00000,0.00000,0.73684,0.48571,0.48571,0.48571
3,2,0.65714,0.66667,0.65714,0.57657,12,0.60000,0.71429,0.60000,0.71429,0.60000,0.71429,0.77143,0.77143,0.77143
3,3,0.75714,0.75000,0.74825,0.76607,12,0.80000,0.71429,0.72727,0.71429,0.80000,0.76923,0.65714,0.65714,0.65714
3,4,0.53571,0.54545,0.52991,2.43417,11,0.50000,0.57143,0.44444,0.57143,0.50000,0.61538,0.60714,0.60714,0.60714
4,0,0.50000,0.50000,0.48571,1.70815,12,0.50000,0.50000,0.40000,0.50000,0.50000,0.57143,0.50000,0.50000,0.50000
4,1,0.45714,0.50000,0.43750,0.91726,12,0.20000,0.71429,0.25000,0.71429,0.20000,0.62500,0.54286,0.54286,0.54286
4,2,0.58571,0.58333,0.58042,0.74832,12,0.60000,0.57143,0.54545,0.57143,0.60000,0.61538,0.57143,0.57143,0.57143
4,3,0.72857,0.75000,0.73333,0.91538,12,0.60000,0.85714,0.66667,0.85714,0.60000,0.80000,0.57143,0.57143,0.57143
4,4,0.67857,0.72727,0.68571,0.56636,11,0.50000,0.85714,0.57143,0.85714,0.50000,0.80000,0.82143,0.82143,0.82143
5,0,0.62500,0.66667,0.62500,0.87152,12,0.50000,0.75000,0.50000,0.75000,0.50000,0.75000,0.62500,0.62500,0.62500
5,1,0.61429,0.58333,0.58042,0.72204,12,0.80000,0.42857,0.61538,0.42857,0.80000,0.54545,0.65714,0.65714,0.65714
5,2,0.55714,0.58333,0.55556,0.97996,12,0.40000,0.71429,0.44444,0.71429,0.40000,0.66667,0.51429,0.51429,0.51429
5,3,0.72857,0.75000,0.73333,0.73556,12,0.60000,0.85714,0.66667,0.85714,0.60000,0.80000,0.62857,0.62857,0.62857
5,4,0.48214,0.54545,0.47619,0.60061,11,0.25000,0.71429,0.28571,0.71429,0.25000,0.66667,0.71429,0.71429,0.71429
6,0,0.50000,0.58333,0.49580,0.63763,12,0.25000,0.75000,0.28571,0.75000,0.25000,0.70588,0.62500,0.62500,0.62500
6,1,0.55714,0.58333,0.55556,0.75837,12,0.40000,0.71429,0.44444,0.71429,0.40000,0.66667,0.68571,0.68571,0.68571
6,2,0.65714,0.66667,0.65714,0.67830,12,0.60000,0.71429,0.60000,0.71429,0.60000,0.71429,0.65714,0.65714,0.65714
6,3,0.50000,0.58333,0.36842,1.47032,12,0.00000,1.00000,0.00000,1.00000,0.00000,0.73684,0.62857,0.62857,0.62857
6,4,0.66071,0.63636,0.63333,1.81698,11,0.75000,0.57143,0.60000,0.57143,0.75000,0.66667,0.71429,0.71429,0.71429
7,0,0.56250,0.58333,0.55556,0.90454,12,0.50000,0.62500,0.44444,0.62500,0.50000,0.66667,0.59375,0.59375,0.59375
7,1,0.45714,0.50000,0.43750,3.35062,12,0.20000,0.71429,0.25000,0.71429,0.20000,0.62500,0.62857,0.62857,0.62857
7,2,0.60000,0.66667,0.55556,0.80780,12,0.20000,1.00000,0.33333,1.00000,0.20000,0.77778,0.54286,0.54286,0.54286
7,3,0.72857,0.75000,0.73333,0.66519,12,0.60000,0.85714,0.66667,0.85714,0.60000,0.80000,0.62857,0.62857,0.62857
7,4,0.53571,0.54545,0.52991,0.76374,11,0.50000,0.57143,0.44444,0.57143,0.50000,0.61538,0.57143,0.57143,0.57143
8,0,0.56250,0.50000,0.50000,3.65667,12,0.75000,0.37500,0.50000,0.37500,0.75000,0.50000,0.65625,0.65625,0.65625
8,1,0.42857,0.50000,0.33333,0.93771,12,0.00000,0.85714,0.00000,0.85714,0.00000,0.66667,0.45714,0.45714,0.45714
8,2,0.58571,0.58333,0.58042,0.62583,12,0.60000,0.57143,0.54545,0.57143,0.60000,0.61538,0.71429,0.71429,0.71429
8,3,0.45714,0.50000,0.43750,0.93026,12,0.20000,0.71429,0.25000,0.71429,0.20000,0.62500,0.51429,0.51429,0.51429
8,4,0.87500,0.90909,0.89524,0.36196,11,0.75000,1.00000,0.85714,1.00000,0.75000,0.93333,0.92857,0.92857,0.92857
9,0,0.62500,0.66667,0.62500,0.61316,12,0.50000,0.75000,0.50000,0.75000,0.50000,0.75000,0.68750,0.68750,0.68750
9,1,0.34286,0.33333,0.33333,7.16377,12,0.40000,0.28571,0.33333,0.28571,0.40000,0.33333,0.17143,0.17143,0.17143
9,2,0.62857,0.66667,0.62500,0.65790,12,0.40000,0.85714,0.50000,0.85714,0.40000,0.75000,0.77143,0.77143,0.77143
9,3,0.65714,0.66667,0.65714,0.67256,12,0.60000,0.71429,0.60000,0.71429,0.60000,0.71429,0.62857,0.62857,0.62857
9,4,0.41071,0.45455,0.41071,1.06112,11,0.25000,0.57143,0.25000,0.57143,0.25000,0.57143,0.39286,0.39286,0.39286
